Nama Produk;Rating;Review
Mangga Harum Manis ;5;Pengiriman cepet banget mesen siang eh sore pada hari yg sama sampai. Seller komunikatif dan responsif. Mangga manis semua ga ada masalah. 
Mangga Harum Manis ;5;Manis dan ukuran buah besar banget, berkualitas!! (Di foto yg ukuran besar, paling depan) Ga kalah manis sama yg matang pohon, tergantung selera.
Mangga Harum Manis ;5;Mangganya manis dan muluss...puas banget...langganan pastinyaaa...
Mangga Harum Manis ;5;jadi langganan beli disini. mangganya selalu besar2 dan manis
Mangga Harum Manis ;5;Sekian kali beli disini. Buahnya selalu kualitas baguss. Pengiriman cepat. Packing rapiii. Terima kasih seller
Mangga Harum Manis ;5;Seperti biasa selalu yang terbaik, mangga sudah matang dan siap makan. Respon penjual baik. Pengiriman cepat. Terima kasih seller 🙏🏻
Mangga Harum Manis ;5;Enak, manisnya ok, walaupun saya lebih senang yang lebih manis. Lebih suka harum manis matang pohon dan cherry. Untuk harga segini ok lahhhh. Buah fresh banget, baru datang langsung dikirim ke customer, mantap. Lebih enak lagi di diamkan sehari di suhu ruangan, baru masuk kulkas dan disantap.
Mangga Harum Manis ;4;Lumayan.. harus tunggu dulu biar ranum.. gpp.. seller komunikatif .. packingnya agak lama .. terima kasih seller
Mangga Harum Manis ;5;Mangga yg dikasih udh pada mateng hampir kematengan, jadi harus dimakan hari itu juga atau h+1. Mungkin nextnya harus ada mangga yg jgn terlalu mateng dulu yaa
Mangga Harum Manis ;3;Produknya selalu bagus, sehingga sering belanja disini. Tapi kecewa pelayanannya sekarang menurun untuk jadwal pengiriman, minta pagi2 baru dikirim siang. Membalas chat setelah barang dikirim. Mohon ditingkatkan pelayanannya, kalau barang tidak ada di chat saja. Trmksh yaa
Mangga Harum Manis ;5;Beruntung nemu toko mangga disini. Udah kesekian kalinya dan bakal langganan terus. Pengiriman, pengemasan dan respon baik. Kmarin sempat ada mangga yg tidak sesuai permintaan tp selanjutnya diberikan yg bagus. Terimakasih seller untuk pelayanannya.
Mangga Harum Manis ;5;Beruntung nemu toko mangga disini. Udah kesekian kalinya dan bakal langganan terus. Pengiriman, pengemasan dan respon baik. Thanks ya..
Mangga Harum Manis ;5;Sekian kali beli disini. Mangganya juara dehh, kualitas baguss. Pengiriman cepat. Packing rapiii. Terima kasih seller
Mangga Harum Manis ;5;Enak. Manis. pengiriman cepet hari yang sama sorenya langsung sampe. seller responsif sawonya ga ada lgsg nanya mau diganti apa. selalu puas
Mangga Harum Manis ;5;Enakkkkkk manissss...mateng nya pas. Ga kelembekan jd seneng banget.
Mangga Harum Manis ;5;Respon cepat, Pengiriman cepat. Mangga sesuai dengan Pesanan.
Mangga Harum Manis ;4;pas dpt yg kurang bagus layu empuk tp blm mateng jd asam rasanya
Mangga Harum Manis ;5;sudah sampai dan akan dimakan kalau sudah matang, semoga cepat matang dan bisa enak rasanya
Mangga Harum Manis ;5;pembeliaan yang ketigaa..mangganya manis top deh pokoknya
Mangga Harum Manis ;5;Wangi, manis tapi tidak semanis matang pohon.
Mangga Harum Manis ;5;"Mantap buah nya bagus"" gak kecewa,pasti langganan"
Mangga Harum Manis ;5;Mangga Harum Manis dari toko ini benar-benar menggugah selera, manisnya pas banget!
Mangga Harum Manis ;5;Mangga Harum Manis di sini juaranya, matang sempurna dan rasanya lezat.
Mangga Harum Manis ;5;Buah mangga Harum Manis yang dijual di sini sangat segar dan berkualitas.
Mangga Harum Manis ;5;Setiap kali belanja, mangga Harum Manis di sini tidak pernah mengecewakan.
Mangga Harum Manis ;5;Toko ini punya mangga Harum Manis terbaik yang pernah saya coba.
Mangga Harum Manis ;5;Mangga Harum Manis di sini selalu bikin pengen lagi dan lagi.
Mangga Harum Manis ;5;Kualitas mangga Harum Manis di toko ini selalu terjaga dengan baik.
Mangga Harum Manis ;5;Setiap gigitan mangga Harum Manis di sini penuh dengan cita rasa.
Mangga Harum Manis ;5;Saya suka bagaimana mangga Harum Manis di sini selalu manisnya pas.
Mangga Harum Manis ;5;Mangga Harum Manis dari toko ini adalah yang terbaik di kelasnya.
Mangga Harum Manis ;5;Beli mangga Harum Manis di sini, pasti nggak akan nyesel.
Mangga Harum Manis ;5;Pengiriman cepat dan mangga Harum Manis tetap segar saat sampai.
Mangga Harum Manis ;5;Toko ini punya mangga Harum Manis dengan harga yang sebanding dengan kualitasnya.
Mangga Harum Manis ;5;Mangga Harum Manis di sini selalu memanjakan lidah saya.
Mangga Harum Manis ;5;Pelayanan ramah dan mangga Harum Manis yang super enak!
Mangga Harum Manis ;5;Setiap kali ke sini, mangga Harum Manis wajib dibeli.
Mangga Harum Manis ;5;Mangga Harum Manis di sini selalu memuaskan hati dan perut.
Mangga Harum Manis ;5;Rasanya, mangga Harum Manis di sini nggak ada tandingannya.
Mangga Harum Manis ;5;Toko ini adalah tempat favorit untuk beli mangga Harum Manis.
Mangga Harum Manis ;5;Mangga Harum Manis di sini selalu matang sempurna.
Mangga Harum Manis ;5;Toko ini punya mangga Harum Manis dengan aroma yang bikin nagih.
Mangga Harum Manis ;5;Pilihan terbaik untuk mangga Harum Manis yang berkualitas.
Mangga Harum Manis ;5;Mangga Harum Manis di sini adalah kebahagiaan dalam setiap gigitannya.
Mangga Harum Manis ;5;Saya selalu merekomendasikan toko ini untuk mangga Harum Manis.
Mangga Harum Manis ;5;Beli mangga Harum Manis di sini, pasti puas dengan kualitasnya.
Mangga Harum Manis ;5;Mangga Harum Manis di toko ini selalu fresh dan legit.
Mangga Harum Manis ;5;Toko ini punya mangga Harum Manis yang bikin ketagihan.
Mangga Harum Manis ;5;Rasanya, mangga Harum Manis di sini bikin nagih banget!
Mangga Harum Manis ;5;Mangga Harum Manis di sini selalu manisnya pas di lidah.
Mangga Harum Manis ;5;Saya sangat puas dengan mangga Harum Manis dari toko ini.
Mangga Harum Manis ;5;Mangga Harum Manis di sini selalu memberi kepuasan tiada tara.
Mangga Harum Manis ;5;Beli mangga Harum Manis di sini, pasti nggak rugi.
Mangga Harum Manis ;5;Toko ini selalu punya stok mangga Harum Manis yang terbaik.
Mangga Harum Manis ;5;Mangga Harum Manis di sini selalu fresh dan bermutu tinggi.
Mangga Harum Manis ;5;Pelayanan ramah dan mangga Harum Manis yang super enak!
Mangga Harum Manis ;5;Rasanya, mangga Harum Manis di sini tidak ada duanya.
Mangga Harum Manis ;5;Mangga Harum Manis di sini selalu memberi kebahagiaan dalam setiap gigitannya.
Mangga Harum Manis ;5;Beli mangga Harum Manis di sini, pasti nggak akan menyesal.
Mangga Harum Manis ;5;Mangga Harum Manis di toko ini selalu matang sempurna.
Mangga Harum Manis ;5;Saya suka bagaimana mangga Harum Manis di sini selalu manisnya pas.
Mangga Harum Manis ;5;Mangga Harum Manis di sini adalah yang terbaik di kelasnya.
Mangga Harum Manis ;5;Setiap kali belanja, mangga Harum Manis di sini tidak pernah mengecewakan.
Mangga Harum Manis ;5;Buah mangga Harum Manis yang dijual di sini sangat segar dan berkualitas.
Mangga Harum Manis ;5;Mangga Harum Manis dari toko ini benar-benar menggugah selera, manisnya pas banget!
Mangga Harum Manis ;5;Mangga Harum Manis di sini juaranya, matang sempurna dan rasanya lezat.
Leci Madu;5;bagus, seger, manis, biji kecil. mantep. ❤️❤️ seller baik n bersedia ketika minta tolong sortirin. jd ga sia2 kan posisi dari karawaci sampe beli disini 😍. buah ok, tp krn buah alami jd tdk terlepas dr produk yg kurang sempurna tp sellernya melakukan yg terbaik unk pembeli. makasiihhhh 👍🏻👍🏻
Leci Madu;5;Wow, buah leci madu di sini juara banget! Manisnya pas, segar banget di lidah.
Leci Madu;5;Puas banget belanja di sini, leci madunya selalu matang sempurna dan manisnya dapet.
Leci Madu;5;Leci madu terbaik yang pernah saya coba! Gak kecewa sama sekali.
Leci Madu;5;Tokonya ramah, suka banget pelayanannya yang cepat tanggap, leci madunya juga top markotop.
Leci Madu;5;Pokoknya gak nyesel deh beli leci madu di sini, pelayanannya juga bikin betah.
Leci Madu;5;Leci madu di sini beda, manisnya nendang tapi gak bikin eneg.
Leci Madu;5;Tempat favorit buat beli leci madu, selalu fresh dan layanannya memuaskan.
Leci Madu;5;Kualitas leci madu di sini istimewa, ukuran besar-besar dan rasanya bener-bener manis.
Leci Madu;5;Suka banget sama leci madunya, seger banget dan harga sesuai kualitas.
Leci Madu;5;Bener-bener recommended, leci madunya enak banget dan pelayanan juga ramah.
Leci Madu;5;Buat pecinta leci madu wajib mampir ke sini, rasanya bikin ketagihan!
Mangga Indramayu;5;toko ini sudah jadi pilihan hati. sudah lebih dari dua kali belanja di sini dan sangat memuaskan baik dengan kualitas barang maupun sellernya yang sangat informatif. mangga indramayunya seksi dan manis seger gitu, tambah cabe rujak enak..terima kasih.
Mangga Indramayu;5;Rasanya sungguh segar dan manis, mangga Indramayu ini juara untuk camilan di siang hari!
Mangga Indramayu;5;Mangga Indramayu dari toko ini benar-benar lezat, terasa seperti musim panen langsung dari kebun!
Mangga Indramayu;5;Sukses bikin saya ketagihan, mangga Indramayu di sini bikin pengen makan terus.
Mangga Indramayu;5;Mangga Indramayu yang dijual di sini bikin seger di lidah, manis di hati!
Mangga Indramayu;5;Mangga Indramayu favorit keluarga, tiap gigitan berasa kayak liburan di pantai!
Mangga Indramayu;5;Ga ada duanya, mangga Indramayu dari toko ini bener-bener nendang rasanya!
Mangga Indramayu;5;Kualitas mangga Indramayu yang dijual top banget, ga heran tiap kali belanja disini selalu puas.
Mangga Indramayu;5;Puas banget deh sama mangga Indramayu dari sini, bikin harimu makin manis.
Mangga Indramayu;5;Mangga Indramayu yang dijual di sini sungguh enak, harga bersahabat pula.
Mangga Indramayu;5;Di sini beli mangga Indramayu gampang dan pasti fresh, jadi ga ragu deh.
Mangga Indramayu;4;Mangga Indramayu di sini sangatlah enak dan segar, namun ada sedikit variasi dalam tingkat kematangannya. Meskipun begitu, rasa manisnya tetap memikat dan worth it untuk dicoba!
Jeruk Wogam;5;Tapi ada beberapa jeruk yg rasanya sdh mulai aneh, walopun kulit jeruknya masih mulus
Jeruk Wogam;5;Jeruk Wogam ini sungguh manis dan segar! Buahnya besar-besar dan rasanya bikin nagih. Puas banget belanja di sini!
Jeruk Wogam;5;Suami saya doyan banget sama jeruk ini. Beli di sini kualitasnya oke banget, langsung dari kebunnya.
Jeruk Wogam;5;Jeruk Wogamnya sampai cepat dan dalam kondisi sangat baik. Packagingnya juga rapih dan aman.
Jeruk Wogam;5;Belanja di toko ini gampang banget. Pelayanannya ramah dan responsif, jadi bisa beli jeruk tanpa ribet.
Jeruk Wogam;5;Buat saya yang hobi masak, jeruk Wogam ini bener-bener juara. Cocok buat jus atau langsung dimakan.
Jeruk Wogam;5;Pengiriman super cepat dan jeruknya fresh banget! Pilihannya juga beragam, jadi gak bosen buat dicoba.
Jeruk Wogam;5;Dulu suka bingung cari jeruk seger, tapi sejak temen rekomenin toko ini, langsung jatuh cinta sama kualitasnya.
Jeruk Wogam;5;Beli jeruk Wogam di sini rasanya kayak langsung petik dari kebun sendiri. Mantap!
Pepaya California;5;toko ini sudah jadi pilihan hati. sudah lebih dari dua kali belanja di sini dan sangat memuaskan baik dengan kualitas barang maupun sellernya yang sangat informatif. pepayanya terlihat seger benerr...terima kasih.
Pepaya California;5;sudah lama tidak belanja di seller ini. akhirnya kembali lagi karena ada buah mangga cerry yang enak itu..pastinya jadi beli yang lain karena memang kualitas buahnya bagus ya.
Pepaya California;5;Pengiriman cepaaaaaat buah segar rasa mantaaaaab. Udah order ke 3
Pepaya California;5;terima kasih sudah di terima pesanannya. nanas raksasa...bisa buat makan sekampung...jeruknya manis banget..mantab
Pepaya California;5;Buahnya bagus semua, tapi sayang ya slow response banget & pesen instan tapi ga dikirim di hari yang sama padahal pesen pagi/siang. Dikirim H+1. Kalau yang butuh untuk konsumsi atau kasih orang cepet, ga rekomen ya. Pesen disini kalau santai aja, yg mau 48 jam kemudian baru terima
Pepaya California;5;Pepaya California di sini selalu segar dan manis, sangat direkomendasikan!
Pepaya California;5;Toko ini selalu menyediakan pepaya terbaik dengan harga yang terjangkau.
Pepaya California;5;Pepaya California-nya besar-besar dan juicy banget, suka banget!
Pepaya California;5;Pelayanan cepat dan ramah, pepaya sampai dengan kondisi prima.
Pepaya California;5;Suka banget sama kualitas pepaya di sini, pasti beli lagi.
Pepaya California;5;Pepaya California di sini selalu matang sempurna, cocok buat langsung dimakan.
Pepaya California;5;Harga bersaing dan kualitas pepaya tidak pernah mengecewakan.
Pepaya California;5;Toko ini jadi langganan buat beli pepaya, selalu fresh!
Pepaya California;5;Kualitas pepaya terbaik yang pernah saya beli, sangat worth it!
Pepaya California;5;Pepaya California di sini lebih manis dibandingkan tempat lain.
Pepaya California;5;Selalu puas dengan kualitas dan service di toko ini.
Pepaya California;5;Beli pepaya di sini mudah, cepat, dan nyaman.
Pepaya California;5;Pepaya yang selalu segar dan siap dinikmati setiap hari.
Pepaya California;5;Suka dengan kemasan yang rapi dan pengiriman tepat waktu.
Pepaya California;5;Pepaya California di sini selalu fresh dari kebun.
Pepaya California;5;Selalu dapat pepaya berkualitas tinggi di toko ini.
Pepaya California;5;Kualitas terbaik dengan harga yang ramah di kantong.
Pepaya California;5;Pepaya California terbaik di kota ini, pasti puas!
Pepaya California;5;Senang bisa belanja pepaya tanpa khawatir kualitas.
Pepaya California;5;Toko ini paham banget cara memilih pepaya yang baik.
Pepaya California;5;Service toko yang friendly bikin belanja jadi lebih menyenangkan.
Pepaya California;5;Pepaya yang diantar sesuai harapan, tidak ada yang busuk.
Pepaya California;5;Beli pepaya di sini hemat waktu dan tenaga.
Pepaya California;5;Puas dengan harga dan rasa pepaya California di sini.
Pepaya California;5;Suami senang banget sama pepaya yang saya beli di sini.
Pepaya California;5;Service ramah dan helpful saat bertanya tentang pepaya.
Pepaya California;5;Pepaya California di toko ini lebih besar dan lebih manis.
Pepaya California;5;Toko ini jadi favorit untuk beli buah-buahan segar.
Pepaya California;5;Harga yang adil untuk kualitas pepaya yang premium.
Pepaya California;5;Saya selalu merekomendasikan toko ini buat beli pepaya California.
Salak Pondoh;5;Udah beli beberapa kali di toko ini tapi baru sempet kasih ulasan... maaf y... pokonya bagus deh, amanah, seller ramah... 
Salak Pondoh;5;Pengiriman cepaaaaaat buah segar rasa mantaaaaab. Udah order ke 3
Salak Pondoh;5;Salak di toko ini luar biasa manisnya! Rasanya segar banget, jauh lebih baik daripada yang pernah saya coba sebelumnya.
Salak Pondoh;5;Suka banget sama salak di sini. Udah beberapa kali beli dan selalu puas sama kualitasnya yang konsisten.
Salak Pondoh;5;Salaknya juara! Ukurannya besar-besar dan dagingnya tebal, rasanya bikin ketagihan.
Salak Pondoh;5;Pelayanan di toko sangat ramah, mereka bahkan kasih rekomendasi cara memilih salak yang bagus. Top markotop!
Salak Pondoh;5;Salaknya selalu fresh! Beli pagi ini, buahnya masih kinyis-kinyis di sore harinya. Puas banget!
Salak Pondoh;5;Tempatnya bersih dan tertata rapi, membuat belanja jadi lebih nyaman. Salaknya juga nggak pernah mengecewakan.
Salak Pondoh;5;Beli salak di sini udah seperti kebiasaan. Enggak pernah kecewa dengan kualitasnya yang terbaik di kota ini.
Salak Pondoh;5;Sayang banget kalau lewatkan untuk mencoba salak di sini. Harganya sebanding dengan kualitasnya yang super.
Pir Century;5;Sekian kali beli disini. Buahnya selalu kualitas baguss. Pengiriman cepat. Packing rapiii. Terima kasih seller
Pir Century;5;Udah beli beberapa kali di toko ini tapi baru sempet kasih ulasan... maaf y... pokonya bagus deh, amanah, seller ramah... 
Pir Century;3;Produknya selalu bagus, sehingga sering belanja disini. Tapi kecewa pelayanannya sekarang menurun untuk jadwal pengiriman, minta pagi2 baru dikirim siang. Membalas chat setelah barang dikirim. Mohon ditingkatkan pelayanannya, kalau barang tidak ada di chat saja. Trmksh yaa
Pir Century;5;Pirnya bagus, manis, seperti biasa, pengiriman cepat, packing rapi, terima kasih seller
Pir Century;5;Pengiriman cepaaaaaat buah segar rasa mantaaaaab. Udah order ke 3
Pir Century;5;Bagus bagus buahnya berkualitas & pengiriman sangat cepat. Akan langganan 🥰🥰🥰🥰
Pir Century;5;"Mantap buah nya bagus"" gak kecewa pasti langganan "
Pir Century;5;Segar banget, pir Century selalu bikin seger pas dimakan!
Pir Century;5;Pir Century di sini juara, manisnya pas banget di lidah.
Pir Century;5;Beli pir Century di sini, selalu dapet yang matang sempurna.
Pir Century;5;Puas banget belanja pir Century, selalu fresh dan lezat.
Pir Century;5;Pir Century di toko ini kualitasnya oke banget, manisnya nggak terlupakan.
Pir Century;5;Buah pir Century di sini selalu bersih dan siap santap.
Pir Century;5;Warna pir Century di sini cantik, rasanya juga enak.
Pir Century;5;Toko ini punya stok pir Century yang selalu segar setiap waktu.
Pir Century;5;Pir Century di sini jadi pilihan favorit, karena selalu terjaga kualitasnya.
Pir Century;5;Layanan di toko ini ramah dan pir Century-nya recommended banget!
Naga Merah;5;Pengiriman cepet banget mesen siang eh sore pada hari yg sama sampai. Seller komunikatif dan responsif. buah manis semua ga ada masalah. 
Naga Merah;5;Produknya selalu bagus, sehingga sering belanja disini. Tapi kecewa pelayanannya sekarang menurun untuk jadwal pengiriman, minta pagi2 baru dikirim siang. Membalas chat setelah barang dikirim. Mohon ditingkatkan pelayanannya, kalau barang tidak ada di chat saja. Trmksh yaa
Naga Merah;5;Sekian kali beli disini. Buahnya selalu kualitas baguss. Pengiriman cepat. Packing rapiii. Terima kasih seller
Naga Merah;5;barang sudaah di terima dalam kondisi baik. buahnya selalu manis dan puas sekali belanja di seller ini. 
Naga Merah;5;Enak. Manis. pengiriman cepet hari yang sama sorenya langsung sampe. seller responsif sawonya ga ada lgsg nanya mau diganti apa. selalu puas
Naga Merah;5;Pengiriman cepaaaaaat buah segar rasa mantaaaaab. Udah order ke 3
Naga Merah;5;Buahnya segarrr, pengiriman cepat, packagin aman. Terimakasih seller
Naga Merah;5;Buah naga merahnya segar banget, manisnya pas, bikin pengen nambah terus!
Naga Merah;5;Tokonya pelayanannya ramah, suka banget belanja di sini.
Naga Merah;5;Buah naga merahnya besar-besar, cantik warnanya, enak dimakan langsung atau dibuat jus.
Naga Merah;5;Pelayanan cepat dan responsif, pokoknya puas deh!
Naga Merah;5;Buah naga merahnya matang sempurna, gak ada yang masih keras atau overripe.
Naga Merah;5;Tokonya bersih, buahnya juga bagus-bagus semua.
Naga Merah;5;Buah naga merahnya juicynya pas, nggak terlalu berair tapi juga nggak kering.
Naga Merah;5;Pelayanan ramah dan informatif, mereka tahu banget soal buah naga merah.
Naga Merah;5;Buah naga merahnya gurih banget, bener-bener manis alami.
Naga Merah;5;Tokonya nyaman, parkirannya luas, gampang buat belanja.
Naga Merah;5;Buah naga merahnya fresh banget, berasa baru dipetik langsung dari kebun.
Naga Merah;5;Pelayanan ramah, suka kasih saran cara makan buah naga merah yang enak.
Naga Merah;5;Buah naga merahnya banyak pilihannya, dari yang kecil sampe yang gede semua ada.
Naga Merah;5;Tokonya bersih dan tertata rapi, bikin betah belanja lama-lama.
Naga Merah;5;Buah naga merahnya segar dan terawat, gak ada yang cacat.
Naga Merah;5;Pelayanannya baik, mereka juga cepat bantu cariin yang lagi bagus.
Naga Merah;5;Buah naga merahnya murah tapi kualitasnya oke banget.
Naga Merah;5;Tokonya ramah lingkungan, pake kantong kertas buat buahnya.
Naga Merah;5;Buah naga merahnya enak dimakan langsung atau dibikin smoothie.
Naga Merah;5;Pelayanan tanggap, kalau ada yang kurang bagus langsung diganti.
Naga Merah;5;Buah naga merahnya manis banget, pas buat cemilan sehat.
Naga Merah;5;Tokonya ada promo diskon juga, jadi bisa lebih hemat belanja.
Naga Merah;5;Buah naga merahnya matang sempurna, teksturnya lembut.
Naga Merah;5;Pelayanan cepat, gak perlu lama-lama nunggu.
Naga Merah;5;Buah naga merahnya bagus sih, tapi beberapa ada yang agak kecil-kecil.
Naga Merah;5;Pelayanan toko cukup baik, tapi kadang agak lama melayani saat ramai.
Mangga Gedong Gincu;5;ini pembelian kedua saya. saat pembelian pertama benar-benar memuaskan buah-buahan yang datang itu manis dan segar. perlu kecewa dulu dengan toko sebelah biar bisa bandingin mana yang the best..memang toko ini akhirnya jadi pemenang hati saya.
Mangga Gedong Gincu;5;Repeat order ber kali2, sengaja minta yg blm kuning2 soalnya cpt banget mateng 👍
Mangga Gedong Gincu;5;Baguss.. ada yang siap makan dan harus tunggu dulu biar ranum.. gpp.. 👍 seller komunikatif .. packingnya agak lama .. terima kasih seller
Mangga Gedong Gincu;5;barang sudaah di terima dalam kondisi baik. buahnya selalu manis dan puas sekali belanja di seller ini. 
Mangga Gedong Gincu;5;Enak. Manis. pengiriman cepet hari yang sama sorenya langsung sampe. seller responsif sawonya ga ada lgsg nanya mau diganti apa. selalu puas
Mangga Gedong Gincu;5;Paket sudah diterima sesuai pesanan, packing aman, pengiriman cepat
Mangga Gedong Gincu;5;Harga: sesuaim, Kualitas: baik, Ukuran/Berat: sesuai, Paket sudah diterima sesuai pesanan, packing aman, pengiriman cepat
Mangga Gedong Gincu;5;Ukuran/Berat: Pas, Harga: Murah, Kualitas: Premium
Mangga Gedong Gincu;5;maniss bgttt
Mangga Gedong Gincu;5;Buah Mangga Gedong Gincu yang saya beli sungguh segar dan manis, cocok untuk camilan sehari-hari!
Mangga Gedong Gincu;5;Mangga Gedong Gincu dari toko ini benar-benar lezat dan aromanya harum sekali.
Mangga Gedong Gincu;5;Toko ini selalu menyediakan Mangga Gedong Gincu yang matang sempurna, jadi tidak perlu menunggu lama untuk bisa dinikmati.
Mangga Gedong Gincu;5;Mangga Gedong Gincu di sini selalu besar dan berwarna merah kuning yang menawan.
Mangga Gedong Gincu;5;Selalu senang membeli Mangga Gedong Gincu di sini karena selalu segar dan berkualitas.
Mangga Gedong Gincu;5;Buah Mangga Gedong Gincu yang saya beli hari ini sangat manis dan juicy!
Mangga Gedong Gincu;5;Toko ini menyediakan Mangga Gedong Gincu yang selalu siap makan.
Mangga Gedong Gincu;5;Rasanya Mangga Gedong Gincu di sini selalu konsisten, tidak ada yang terlalu masam.
Mangga Gedong Gincu;5;Terima kasih atas Mangga Gedong Gincu yang selalu fresh dan enak!
Mangga Gedong Gincu;5;Beli Mangga Gedong Gincu di sini pasti puas, rasa dan teksturnya selalu sempurna.
Mangga Gedong Gincu;5;Mangga Gedong Gincu dari toko ini selalu memberikan kenikmatan yang tiada duanya.
Mangga Gedong Gincu;5;Setiap kali belanja di sini, Mangga Gedong Gincu selalu juicy dan manis.
Mangga Gedong Gincu;5;Suka sekali dengan Mangga Gedong Gincu di toko ini, selalu juara!
Mangga Gedong Gincu;5;Mangga Gedong Gincu di sini selalu terasa segar dan lezat di setiap gigitannya.
Mangga Gedong Gincu;5;Mangga Gedong Gincu yang saya beli di sini tidak pernah mengecewakan.
Mangga Gedong Gincu;5;Beli Mangga Gedong Gincu di sini pasti langsung ketagihan.
Mangga Gedong Gincu;5;Toko ini punya Mangga Gedong Gincu terbaik yang pernah saya coba!
Mangga Gedong Gincu;5;Mangga Gedong Gincu di sini selalu matang dengan sempurna, tidak terlalu keras atau terlalu lembek.
Mangga Gedong Gincu;5;Harga Mangga Gedong Gincu di sini sebanding dengan kualitasnya yang super.
Mangga Gedong Gincu;5;Saya selalu merekomendasikan toko ini untuk yang ingin menikmati Mangga Gedong Gincu yang legit.
Mangga Gedong Gincu;5;Mangga Gedong Gincu di sini selalu siap menyegarkan hari saya.
Mangga Gedong Gincu;5;Saya jadi penggemar berat Mangga Gedong Gincu dari toko ini!
Mangga Gedong Gincu;4;Mangga Gedong Gincu di toko ini selalu memiliki rasa yang enak dan tekstur yang juicy, meskipun kadang-kadang saya menemukan satu atau dua buah yang belum matang sempurna. Tapi secara keseluruhan, saya senang dengan kualitasnya dan akan terus membeli di sini.
Apel Fuji;5;Bagus bagus buahnya berkualitas & pengiriman sangat cepat. Akan langganan 🥰🥰🥰🥰
Apel Fuji;5;Udah beli beberapa kali di toko ini tapi baru sempet kasih ulasan... maaf y... pokonya bagus deh, amanah, seller ramah... 
Apel Fuji;5;Kualitas bagus, tekstur renyah
Apel Fuji;5;"Mantap buah nya bagus"" gak kecewa,pasti langganan"
Apel Fuji;5;Apel Fuji di sini selalu manis dan segar, sangat cocok untuk camilan sehat.
Apel Fuji;5;Saya suka cara mereka mengemas Apel Fuji, selalu terjaga kebersihannya.
Apel Fuji;5;Pelayanan di toko sangat ramah, mereka membantu saya memilih Apel Fuji yang terbaik.
Apel Fuji;5;Apel Fuji dari toko ini selalu matang dengan sempurna, rasa dan teksturnya istimewa.
Apel Fuji;5;Harganya wajar untuk kualitas Apel Fuji yang mereka tawarkan.
Apel Fuji;5;Toko ini adalah pilihan favorit saya untuk Apel Fuji karena konsistensi kualitasnya.
Apel Fuji;5;Apel Fuji di sini selalu tahan lama setelah dibeli, tidak cepat layu.
Apel Fuji;5;Penyimpanan Apel Fuji di toko ini selalu terjaga dengan baik, terhindar dari kerusakan.
Apel Fuji;5;Rasanya selalu konsisten, Apel Fuji favorit keluarga saya berasal dari sini.
Apel Fuji;5;Toko ini memiliki koleksi Apel Fuji terbaik di kota ini.
Apel Fuji;5;Apel Fuji yang dijual di sini selalu segar, membuatnya menyegarkan.
Apel Fuji;5;Saya sangat puas dengan Apel Fuji yang saya beli, rasa manisnya terasa alami.
Nangka Kupas;5;Selalu nyaman berbelanja di sini karena pilihan Apel Fuji yang lengkap.
Nangka Kupas;5;Toko ini adalah tempat terbaik untuk mendapatkan Apel Fuji premium.
Nangka Kupas;5;Tumben dapatnya agak muda. Mungkin next pas yang sudah matang ya nangkanya. Respon penjual baik. Pengiriman cepat. Terima kasih seller 🙏🏻
Nangka Kupas;5;Bagusss.. seger.. cocok mau bikin es teler .. 👍 seller komunikatif .. packingnya agak lama .. karena nangkanya baru dikupas .. terima kasih seller
Nangka Kupas;5;Enak. Manis. pengiriman cepet hari yang sama sorenya langsung sampe. seller responsif sawonya ga ada lgsg nanya mau diganti apa. selalu puas
Nangka Kupas;5;Ukuran/Berat: baik, Harga: murah, Kualitas: baik, segar, manis., Kirimnya dihari yg sama. Respon seller baik&cepat 👍
Nangka Kupas;5;Harga: murah, Kualitas: bagus, Ukuran/Berat: pas
Nangka Kupas;5;Harga: sesuai, Kualitas: baik, Ukuran/Berat: sesuai, Paket sudah diterima sesuai pesanan, packing aman, pengiriman cepat
Nangka Kupas;4;Kurang manis
Nangka Kupas;5;Manis banget 😍😍😍
Nangka Kupas;5;Buah nangka kupasnya enak banget! Selalu fresh dan manis tiap kali pesan, plus pelayanannya ramah dan cepat tanggap.
Nangka Kupas;5;Nangka kupas di sini bener-bener juara. Potongannya pas, gak berlebihan, dan rasanya selalu bikin ketagihan. Tokonya juga nggak pernah bikin kecewa.
Nangka Kupas;5;Gue pesen nangka kupas di sini selalu datang dalam keadaan oke banget. Cepet, bersih, dan pastinya enak. Pelayanan juga baik, suka deh.
Nangka Kupas;5;Buat yang suka buah tropis, cobain deh nangka kupas dari sini. Selalu bagus kualitasnya, dan toko ini selalu siap sedia bantu kalau ada pertanyaan.
Nangka Kupas;5;Toko buah nangka kupas terbaik yang pernah gue coba. Rasanya konsisten enak, dan mereka juga tanggap banget dalam proses pesan antar. Bakal jadi langganan deh!
Nanas Sunpride;5;seller baik n bersedia ketika minta tolong sortirin. jd ga sia2 kan posisi dari karawaci sampe beli disini 😍. mangganya ok, tp krn buah alami jd tdk terlepas dr produk yg kurang sempurna tp sellernya melakukan yg terbaik unk pembeli. makasiihhhh 👍🏻👍🏻
Nanas Sunpride;5;ini pembelian kedua saya. saat pembelian pertama benar-benar memuaskan buah-buahan yang datang itu manis dan segar. perlu kecewa dulu dengan toko sebelah biar bisa bandingin mana yang the best..memang toko ini akhirnya jadi pemenang hati saya.
Nanas Sunpride;5;terima kasih sudah di terima pesanannya. nanas raksasa...bisa buat makan sekampung...jeruknya manis banget..mantab
Nanas Sunpride;5;Buahnya ok punya.. manis2..td lg diluar blm coba mkny blm ksh komen. Mksh ya siss.....
Nanas Sunpride;5;Nanas Sunpride ini sangat manis dan segar! Saya selalu puas dengan kualitasnya yang konsisten.
Nanas Sunpride;5;Beli nanas Sunpride di sini selalu bikin saya ketagihan. Rasanya bener-bener pas di lidah.
Nanas Sunpride;5;Puas banget dengan nanas Sunpride, selalu matang sempurna dan gak ada yang busuk.
Nanas Sunpride;5;Setiap kali belanja di sini, nanas Sunpride selalu memberi kepuasan yang tiada tara.
Nanas Sunpride;5;Nanas Sunpride juara! Buahnya besar-besar dan manisnya bikin nagih.
Nanas Sunpride;5;Gak pernah kecewa dengan kualitas nanas Sunpride di toko ini. Worth every penny!
Anggur Hitam;5;sudah lama tidak belanja di seller ini. akhirnya kembali lagi karena ada buah mangga cerry yang enak itu..pastinya jadi beli yang lain karena memang kualitas buahnya bagus ya.
Pisang Barangan;5;Harga: ok, Kualitas: bagus, Ukuran/Berat: besar, Di buka ijo pas besok liat udh kuning aja, rasanya juga masih. Terima kasih
Pisang Barangan;4;Kulit pisangnya agak tebal, tapi pengiriman cepat, makasi!
Pisang Barangan;5;the best..pengiriman cepat, buahnya juga ok semua. makasih yaa
Pisang Barangan;5;Sekian kali beli disini. Buahnya selalu kualitas baguss. Pengiriman cepat. Packing rapiii. Terima kasih seller
Pisang Barangan;5;Bagus.. harus tunggu dulu biar ranum.. jadi gak kematangan.. 👍 seller komunikatif .. packingnya agak lama .. terima kasih seller
Pisang Barangan;3;Produknya rata2 bagus, sehingga sering belanja disini. Tapi kecewa pelayanannya sekarang menurun untuk jadwal pengiriman, minta pagi2 baru dikirim siang. Membalas chat setelah barang dikirim. Mohon ditingkatkan pelayanannya, kalau barang tidak ada di chat saja. Trmksh yaa
Pisang Barangan;5;sudah diterima kiriman buahnya dengan baik. pisang barangannya seperti biasa enak dan belum terlalu tua jadi masih bisa tahan beberapa hari.
Pisang Barangan;5;udah pasti sih kalau belanja di sini akan dapat barang bagus dan manis. sudah coba mencoba ke toko lain ternyata memang harus kembali ke sini. terima kasih seller..jaga terus pelayanan dan mutu buahnya.
Pisang Barangan;5;Ukuran/Berat: sesuai, Harga: sesuai, Kualitas: selalu bagus, manis
Pisang Barangan;5;sudah beberapa kali belanja di sini dan sejauh ini masih selalu puas dengan kualitas buah- buahan yang di terima. jaga selalu kualitasnya...dan berdoa semoga ada promo juga, hehehe
Pisang Barangan;5;Rasanya enak banget, manisnya pas, dan harganya terjangkau.
Pisang Barangan;5;Pisangnya segar dan ukurannya besar-besar.
Pisang Barangan;5;Pelayanannya ramah, cepat, dan informatif.
Pisang Barangan;5;Selalu puas dengan kualitas pisangnya yang tidak pernah mengecewakan.
Pisang Barangan;5;Tokonya bersih dan tertata rapi.
Pisang Barangan;5;Pisangnya selalu matang sempurna, tidak terlalu keras dan tidak terlalu lembek.
Pisang Barangan;5;Harganya worth it banget, kualitasnya top!
Pisang Barangan;5;Selalu jadi pilihan utama beli pisang di sini.
Pisang Barangan;5;Tokonya mudah ditemukan dan parkirannya luas.
Pisang Barangan;5;Pelayanannya responsif dan membantu.
Pisang Barangan;5;Suka banget sama variasi pisang yang mereka punya.
Pisang Barangan;5;Kemasannya bagus dan aman, tidak cepat busuk.
Pisang Barangan;5;Pisangnya terasa natural, tidak terlalu manis berlebihan.
Pisang Barangan;5;Pilihan pisang organiknya lengkap.
Pisang Barangan;5;Tokonya nyaman buat belanja, tidak berdesak-desakan.
Pisang Barangan;5;Tokonya bersih dan terawat dengan baik.
Pisang Barangan;5;Pelayanannya punya pengetahuan yang baik tentang produknya.
Pisang Barangan;5;Sering diskon dan promo yang menguntungkan.
Pisang Barangan;5;Pisangnya selalu segar dan tidak ada yang sudah mulai layu.
Pisang Barangan;5;Harganya pas di kantong, kualitasnya premium.
Pisang Barangan;5;Tokonya cocok buat belanja pisang dalam jumlah besar.
Pisang Barangan;5;Stoknya selalu tersedia, tidak pernah kehabisan.
Pisang Barangan;5;Pisangnya enak dimakan langsung atau diolah.
Pisang Barangan;5;Tempatnya nyaman buat nongkrong sambil beli pisang.
Pisang Barangan;5;Packagingnya ramah lingkungan, tanpa plastik berlebihan.
Pisang Barangan;5;Tokonya mudah diakses dari jalan utama.
Pisang Barangan;5;Mereka juga punya varian pisang unik yang sulit ditemukan di tempat lain.
Alpukat;4;Ukuran/Berat: ok, Harga: ok, Kualitas: udah pada kematengan, Semunya udah mateng, semoga next di kirim ada yg sebagian mengkel jadi tidak mubazir. Terima kasih
Alpukat;5;Bagus.. ada yang sudah siap makan dan harus tunggu dulu biar ranum.. gpp.. 👍 seller komunikatif .. packingnya agak lama .. terima kasih seller
Alpukat;5;Alpukat di sini selalu segar dan manis! Cocok banget buat buat salad atau jus pagi.
Alpukat;5;Tokonya cepat dalam pengiriman, alpukat sampai dalam kondisi sempurna, matangnya pas!
Alpukat;5;Suka banget sama kualitas alpukatnya yang gak pernah mengecewakan. Harganya worth it!
Alpukat;5;Pelayanan ramah dan alpukatnya selalu ready stock, jadi gak perlu menunggu lama.
Alpukat;5;Dari segi rasa dan harga, alpukat di sini top markotop!
Jambu Biji Merah;5;Maaf baru kasih ulasan... jambu bijinya bagus, pengemasan n pengiriman cepat. Seller ramah... 
Jambu Biji Merah;5;Trims ukuran buahnya besar2&segar, sesuai timbangannya
Jambu Biji Merah;5;Bagusss.. buat makan langsung atau jus.. seller komunikatif .. packingnya agak lama .. terima kasih seller
Jambu Biji Merah;5;Jaambunya ada beberapa yg bonyok tp yg lain ok bagus2
Jambu Biji Merah;5;Trims siang pesen, sore dah datang buahnya 
Jambu Biji Merah;5;Jambu biji merah di toko ini sangat segar dan manis, cocok buat camilan sehari-hari.
Jambu Biji Merah;5;Suka banget sama jambu biji merah di sini, selalu matang pas dan rasanya juicy banget!
Jambu Biji Merah;5;Tokonya rajin restock jambu biji merah, jadi ga pernah kehabisan stok yang bagus.
Jambu Biji Merah;5;Pelayanannya ramah dan cepat, beli jambu biji merah di sini jadi tambah nyaman.
Jambu Biji Merah;5;Jambu biji merah di sini harga pas dan kualitasnya bagus, ga nyesel deh beli.
Jambu Biji Merah;5;Rasanya jambu biji merah di sini beda banget, manisnya pas dan ga terlalu asam.
Jambu Biji Merah;5;Toko ini punya jambu biji merah yang gurih dan seger banget, suka deh!
Jambu Biji Merah;5;Jambu biji merah di sini sering dijual dalam kondisi matang sempurna, enak langsung dimakan.
Jambu Biji Merah;5;Puas banget sama jambu biji merah di sini, kualitasnya selalu terjaga baik.
Pisang Ambon;3;Buahnya bagus semua, tapi sayang ya slow response banget & pesen instan tapi ga dikirim di hari yang sama padahal pesen pagi/siang. Dikirim H+1. Kalau yang butuh untuk konsumsi atau kasih orang cepet, ga rekomen ya. Pesen disini kalau santai aja, yg mau 48 jam kemudian baru terima
Pisang Ambon;4;Pesanan kami sdh sampai dan diterima dg baik.tp pisangnya sempat 2 hr digantung protol semua, mau gamau langsung dihabiskan jd lupa difoto. Terimakasih seller.
Pisang Ambon;5;Buah pisang ambon di sini selalu segar dan manis, cocok untuk camilan sehat setiap hari!
Pisang Ambon;5;Tokonya ramah dan buahnya selalu matang sempurna, sangat puas dengan pelayanannya.
Pisang Ambon;5;Rasanya enak banget, pisang ambonnya lembut dan manis, sesuai harapan!
Pisang Ambon;5;Toko ini jual pisang ambon terbaik yang pernah saya beli, harga juga terjangkau.
Pisang Ambon;5;Buahnya datang dalam kondisi sempurna, sangat fresh dan kualitasnya terjaga.
Pisang Ambon;5;Toko ini selalu menyediakan pisang ambon yang matang secara konsisten, jadi tidak pernah kecewa.
Pisang Ambon;5;Puas banget belanja di sini, pisang ambonnya segar dan harganya reasonable.
Pisang Ambon;5;Pisang ambonnya juara, manisnya pas dan ukurannya ideal untuk camilan.
Pisang Ambon;5;Toko yang recommended banget, pelayanannya baik dan buahnya selalu fresh.
Pisang Ambon;5;Pilihan terbaik untuk pisang ambon di kota ini, selalu memuaskan setiap kali belanja.
Pisang Ambon;5;Buah pisang ambon di sini terasa lebih manis dan lembut dibandingkan tempat lain.
Pisang Ambon;5;Toko ini jual pisang ambon yang buahnya selalu besar dan rasanya enak.
Pisang Ambon;5;Suka banget sama kualitas pisang ambon di sini, ga ada yang bisa ngalahin!
Pisang Ambon;5;Beli pisang ambon di sini gak pernah kecewa, buahnya bener-bener fresh.
Pisang Ambon;5;Pelayanan ramah dan responsif, pisang ambonnya juga top quality.
Pisang Ambon;5;Kualitas pisang ambonnya terbaik, mantap untuk buat jus atau langsung dimakan.
Jeruk Nipis;5;Maaf baru kasih ulasan... jeruk nipisnya gede2 bgt 😅, pengemasan n pengiriman cepat. Seller ramah... 
Jeruk Nipis;5;Udah beli beberapa kali di toko ini tapi baru sempet kasih ulasan... maaf y... pokonya bagus deh, amanah, seller ramah...
Jeruk Nipis;5;sudah lama tidak belanja di seller ini. akhirnya kembali lagi karena ada buah mangga cerry yang enak itu..pastinya jadi beli yang lain karena memang kualitas buahnya bagus ya.
Jeruk Nipis;5;Trims ukuran buahnya besar2&segar, sesuai timbangannya
Jeruk Nipis;5;Barangnya kosong..uangnya lgsg dikembalikan..
Jeruk Peras;5;Buahnya segar2 , sampai cepat,respon ramah dan cepat,recom banget ini..
Jeruk Peras;5;sudah lama tidak belanja di seller ini. akhirnya kembali lagi karena ada buah mangga cerry yang enak itu..pastinya jadi beli yang lain karena memang kualitas buahnya bagus ya.
Jeruk Peras;5;langsung eksekusi. jeruk perasnya enak dan segar. manis sekali. untuk mangganya masih agak sedikit muda, jadi harus ditunggu dahulu sampai matang betul. 
Jeruk Peras;5;beli 2 kilo dapat 1 liter lebih air jeruk. tinggal ditambah madu atau gula.
Jeruk Peras;5;sudah diterima kiriman buah segarnya. beberapa jeruk ada yang kurang baik kondisinya tetapi yg lain manis.sellernya cepat kirim barang sangat terbantu saat sedang ppkm skrg. tks seller.
Jeruk Peras;5;udah pasti sih kalau belanja di sini akan dapat barang bagus dan manis. sudah coba mencoba ke toko lain ternyata memang harus kembali ke sini. terima kasih seller..jaga terus pelayanan dan mutu buahnya.
Jeruk Peras;5;sudah beberapa kali belanja di sini dan sejauh ini masih selalu puas dengan kualitas buah- buahan yang di terima. jaga selalu kualitasnya...dan berdoa semoga ada promo juga, hehehe
Jeruk Peras;5;Jeruk perasnya benar-benar segar dan manis. Jusnya enak banget, cocok buat sarapan pagi!
Jeruk Peras;5;Buah jeruk peras ini luar biasa. Rasa manis dan asamnya pas. Sempurna untuk buat jus di rumah
Jeruk Peras;5;"Jeruk peras terbaik yang pernah saya coba. Mudah diperas dan hasil jusnya banyak. Mantap!"""
Jeruk Peras;5;Jeruk perasnya segar banget dan rasanya manis. Anak-anak saya suka sekali. Recommended!
Jeruk Peras;5;Jus dari jeruk peras ini bikin hari saya lebih segar. Rasa manis alaminya bikin ketagihan.
Jeruk Peras;5;Jeruk peras yang saya beli sangat memuaskan. Jusnya banyak dan rasanya enak banget. Pasti beli lagi!
Jeruk Peras;5;Segarnya jeruk peras ini luar biasa. Pas buat dinikmati saat cuaca panas. Lima bintang deh!
Jeruk Peras;5;Jeruk peras yang sempurna. Mudah diperas dan jusnya benar-benar lezat. Pasti beli lagi!
Jeruk Peras;4;Tadi baru coba jeruk peras ini dan rasanya enak banget! Segar, manis, dan pas buat jus pagi-pagi. Sayangnya, ada beberapa jeruk yang agak kecut. Tapi overall, tetap rekomended buat yang suka perasan jeruk segar
Jeruk Peras;5;sudah di terima kirimannya. sayang hari minggu tutup ya..jadi kalau mau perlu cepat di akhir minggu jd tidak bisa pesan.
Mangga MP Cherry;5;seller baik n bersedia ketika minta tolong sortirin. jd ga sia2 kan posisi dari karawaci sampe beli disini 😍. mangganya ok, tp krn buah alami jd tdk terlepas dr produk yg kurang sempurna tp sellernya melakukan yg terbaik unk pembeli. makasiihhhh 👍🏻👍🏻
Mangga MP Cherry;5;Beli 2kg dapet 5 Mangganya gede gede Bukan yg paling harum Alhasil ga kecewa Bisa di liat di video dan gambar Manis banget!!!
Mangga MP Cherry;5;Ga ditimbang lagi, tapi percaya deh sama penjualnya. Mangganya bagus, 3 langsung bisa dimakan, selebihnya nunggu besok dan lusa. Pengiriman cepat sekali, padahal pake sameday. Makasih.. 2 kg : 6 bh
Mangga MP Cherry;5;Mangganya mantab.. udh beli ketiga kali ini.. buah sampai dengan aman terus.. kurir sameday. Rekomen sekali toko ini 👍🏼 terima kasih
Mangga MP Cherry;5;1kg dapat 3pcs. Mangganya harum bener.. pertanda memang masak pohon. Belum dibelah sih, tapi semoga beneran manis ya.. thank you kak. Pengiriman super cepat.. dipesan dan tiba di hari yang sama.. wow..
Mangga MP Cherry;5;Pengiriman cepaaaaaat buah segar rasa mantaaaaab. Udah order ke 3
Mangga MP Cherry;5;Ini favorit sayaaaa, kualitas bagusss bangettt, manisssnya ku sukaaaa. mangga cherry nya bagus. Dan harga sesuai kantong hehehehehe Buah fresh banget, baru datang langsung dikirim ke customer, mantap. Lebih enak lagi di diamkan sehari di suhu ruangan, baru masuk kulkas dan disantap.
Mangga MP Cherry;5;Manganya manis banget, pengiriman juga cepat, makasii!!!
Mangga MP Cherry;5;Ukuran/Berat: 2Kg, Harga: Sedang, Kualitas: Manisss MasyaAllah Alhamdulillah seller responsif, 1kg yg besar dpt 2 yg kecil dpt 3, sama2 manisnyaaa cm beda ukuran aja dan matang pohon smuaa jd bkn msh muda udh dipetik yaa ini tua pohon bgtt, Alhamdulillah barakallah seller..
Mangga MP Cherry;5;ini pembelian kedua saya. saat pembelian pertama benar-benar memuaskan buah-buahan yang datang itu manis dan segar. perlu kecewa dulu dengan toko sebelah biar bisa bandingin mana yang the best..memang toko ini akhirnya jadi pemenang hati saya.
Mangga MP Cherry;5;buahnya seger..kliatan tua..1kg isi 3..smoga dibuka manis....pengiriman cuepeett respon mbak mimin okeh..
Mangga MP Cherry;5;toko ini sudah jadi pilihan hati. sudah lebih dari dua kali belanja di sini dan sangat memuaskan baik dengan kualitas barang maupun sellernya yang sangat informatif. mangga cherrynya nagih terus, manis banget..terima kasih.
Mangga MP Cherry;3;Sad sad sad sad sad sad sad sad Busuk jadinya ga manis padahal dah mateng....semoga yang lain aman...
Mangga MP Cherry;5;ini pesanan yang ketiga di seller ini. mangga cherrynya bener bener enak dan manis, dijamin tidak akan kecewa. saya jadi ketagihan, mumpung sedang musimnya mangga, rencana pasti akan mengisi meja makan dengan mangga ini terus
Mangga MP Cherry;5;Pesanan sampai cepat sekali, kualitas buah sangaaaat bagussss, rekomendit store. Pengemasan mgkn bs dioertimbangkan pakai dus.
Mangga MP Cherry;5;Ukuran/Berat: sesuai, Harga: murah, Kualitas: manis, Recomended seller.seller ramah pengiriman cepat packing aman...sukses selalu
Mangga MP Cherry;5;sudah lama tidak belanja di seller ini. akhirnya kembali lagi karena ada buah mangga cerry yang enak itu..pastinya jadi beli yang lain karena memang kualitas buahnya bagus ya.
Mangga MP Cherry;5;langsung eksekusi. jeruk perasnya enak dan segar. manis sekali. untuk mangganya masih agak sedikit muda, jadi harus ditunggu dahulu sampai matang betul. 
Mangga MP Cherry;5;Ukuran/Berat: 1 kg, Harga: terjangkau, Kualitas: bagus, mangga nya manisss banget dan bagus bagus makasih ya kak maaf g sempat poto ya
Mangga MP Cherry;5;Ukuran/Berat: gk thu gk ditumbang, Harga: ok, Kualitas: ok, Awal dateng agak kecewa hijau kaya gk mateng gitu. Eh pas di buka mantap rasanya manis, ternyata sudah matang. Seneng ngt dunk... Ada satu yg agak asem tp ttp mateng kok.
Mangga MP Cherry;5;Pesanan kami sdh sampai dan diterima dg baik.manis2 mangganya. Terimakasih seller.
Mangga MP Cherry;5;udah pasti sih kalau belanja di sini akan dapat barang bagus dan manis. sudah coba mencoba ke toko lain ternyata memang harus kembali ke sini. terima kasih seller..jaga terus pelayanan dan mutu buahnya.
Mangga MP Cherry;5;Bagus bagus buahnya berkualitas & pengiriman sangat cepat. Akan langganan 🥰🥰🥰🥰
Mangga MP Cherry;5;Ukuran/Berat: sesuai, Harga: sesuai, Kualitas: baik, Paket sudah diterima sesuai pesanan, packing aman, pengiriman cepat
Mangga MP Cherry;5;Mangga maniiisss, pengiriman cepat, beli disini pasti gak kecewa 😘😘😘😘
Mangga MP Cherry;5;barang sudaah di terima dalam kondisi baik. buahnya selalu manis dan puas sekali belanja di seller ini. 
Mangga MP Cherry;5;Bagus .. tunggu 1 hari dulu biar ranum.. enakk.. seller komunikatif .. packingnya agak lama .. terima kasih seller
Mangga MP Cherry;5;Udah berkali2 order mangga disini. Pertama kali order kaget. Kok mangganya putih sih asem pula. Ternyata memang harus sabar nunggu 2-3 hari biar mangganya super maniis. Memuaskaan
Mangga MP Cherry;5;sudah diterima kiriman buah segarnya. beberapa jeruk ada yang kurang baik kondisinya tetapi yg lain manis.sellernya cepat kirim barang sangat terbantu saat sedang ppkm skrg. tks seller.
Mangga MP Cherry;5;maniiss beneran masak pohon 
Mangga MP Cherry;5;Mangga yg dikirim bagus2, maniiiss banget. Never fails👍🙏🏻
Mangga MP Cherry;5;udh repeat kesekian kali( udah ga kehitung) ttp memuaskan , mangga nya aduhai manis pool 
Mangga MP Cherry;5;Rekomendasi banget Toko ini 👍🏻👍🏻👍🏻
Mangga MP Cherry;5;Mangganya maniisss banget, anak2 suka, makasih seller 😘😘😘😘😘😘😘😘😘
Mangga MP Cherry;5;sudah beberapa kali belanja di sini dan sejauh ini masih selalu puas dengan kualitas buah- buahan yang di terima. jaga selalu kualitasnya...dan berdoa semoga ada promo juga, hehehe
Mangga MP Cherry;5;sudah di terima kirimannya. sayang hari minggu tutup ya..jadi kalau mau perlu cepat di akhir minggu jd tidak bisa pesan.
Mangga MP Cherry;5;Manis bangeeet, berkualitas, sebagian belum dikupas semoga ga ada yg asam. Thanks seller
Mangga MP Cherry;2;Tua sih, tapi baru bisa dimakan besoknya, itupun masih asem. Dan cuma 1:(
Mangga MP Cherry;5;Kualitas: mangganya bagus, enak. udah langganan
Mangga MP Cherry;4;Mangga nya blm mateng ktnya masak di pohon tp ywdh mudah2an manis ya buahnya..
Mangga MP Cherry;5;mangganya kali ini kurang mantab kalau langsung di konsumsi..biar ditahan dulu 2 hari deh supaya enak. kalau yang lainnya mantab.
Mangga MP Cherry;5;Mangga bagus semua. Seller baik
Mangga MP Cherry;5;the best ini kualitas bagus bgt sll manis
Mangga MP Cherry;5;Mangga favorite selalu bagus beli mangga ini
Mangga MP Cherry;5;Rasa: ada 2 yg mentah. sisanya enak
Mangga MP Cherry;5;Orderan ke-2 😋👍
Mangga MP Cherry;5;Rasa: mantaappp, Kualitas: bagusss bangeett
Mangga MP Cherry;5;Mangga manis tp rasanya ga kaya sebelumnya
Mangga MP Cherry;5;Harga: murah, Kualitas: bagus
Mangga MP Cherry;5;Kualitas: mengkel manis. enakkkk
Mangga MP Cherry;5;Recomened😍
Mangga MP Cherry;5;Selalu manis ya
Mangga MP Cherry;5;Mangganya juara banget, manisnya pas gitu!
Mangga MP Cherry;5;Mangga Masak Pohon selalu jadi pilihan buat keluarga saya.
Mangga MP Cherry;5;Makannya bikin nagih, manisnya mantap.
Mangga MP Cherry;5;Warna dan aroma mangganya bikin pengen langsung nyobain.
Mangga MP Cherry;5;Rasanya pas banget buat cemilan di siang hari.
Mangga MP Cherry;5;Buahnya selalu segar dan matangnya pas.
Mangga MP Cherry;5;Daging mangganya lembut banget, gak keras.
Mangga MP Cherry;5;Pelayanannya ramah, ditanya-tanya pun sabar.
Mangga MP Cherry;5;Mangga di sini gak pernah mengecewakan.
Mangga MP Cherry;5;Tiap kali beli mangga di sini, pasti puas.
Mangga MP Cherry;5;Mangga favorit keluarga, udah gitu aja.
Mangga MP Cherry;5;Tempatnya bersih dan rapi, nyaman belanja di sini.
Mangga MP Cherry;5;Stok mangganya selalu terjaga dengan baik.
Mangga MP Cherry;5;Kualitas mangganya terjamin, gak diragukan lagi.
Mangga MP Cherry;5;Harga mangganya sesuai dengan kualitasnya.
Mangga MP Cherry;5;Mangganya gede-gede dan manisnya ga nahan!
Mangga MP Cherry;5;Buahnya matang sempurna, gak ada yang masih mentah.
Mangga MP Cherry;5;Sayang kalau ga cobain, rasanya beda dari yang lain.
Mangga MP Cherry;5;Beli buah di sini jadi pengalaman yang menyenangkan.
Mangga MP Cherry;5;Mangganya dipetik pas banget, matang tapi belum overripe.
Mangga MP Cherry;5;Mangga Masak Pohon jadi langganan belanja buah.
Mangga MP Cherry;5;Kalau lagi pengen mangga enak, ya kesini aja.
Mangga MP Cherry;5;Kualitas mangganya terjaga dari dulu sampai sekarang.
Mangga MP Cherry;5;Tempatnya strategis dan mudah dijangkau.
Mangga MP Cherry;5;Mangganya enak dimakan begitu saja atau buat jus.
Mangga MP Cherry;5;Pelayanannya cepat tanggap, penuh perhatian.
Mangga MP Cherry;5;Mangganya gak ada yang busuk atau cacat.
Mangga MP Cherry;5;Manisnya pas, bikin nagih!
Mangga MP Cherry;5;Rasanya bener-bener natural, gak ada tambahan apa-apa.
Mangga MP Cherry;5;Mangganya gak berair, jadi gak berantakan saat dimakan.
Mangga MP Cherry;5;Tempatnya bersih, bikin betah belanja.
Mangga MP Cherry;5;Mangganya bikin ketagihan, serius deh!
Mangga MP Cherry;5;Harga sesuai dengan kualitas mangganya.
Mangga MP Cherry;5;Daging mangganya tebal dan lembut.
Mangga MP Cherry;5;Pelayanan ramah dan sopan, nyaman belanja di sini.
Mangga MP Cherry;5;Mangganya selalu matang merata, gak ada yang belum matang.
Mangga MP Cherry;5;Kualitas mangganya terjaga setiap waktu.
Mangga MP Cherry;5;Mangganya enak dimakan langsung atau buat salad.
Mangga MP Cherry;5;Tempatnya luas dan nyaman buat belanja.
Mangga MP Cherry;5;Stok mangganya selalu fresh dan terlihat segar.
Mangga MP Cherry;5;Belanja buah di sini gak pernah nyesel.
Mangga MP Cherry;5;Mangga Masak Pohon emang pilihan terbaik buat buah.
Mangga MP Cherry;5;Mangganya gak terlalu manis, pas aja buat saya.
Mangga MP Cherry;5;Harga mangganya cukup terjangkau.
Mangga MP Cherry;5;Mangganya gak ada yang berjamur atau busuk.
Mangga MP Cherry;5;Tempatnya bersih, ada AC-nya juga.
Mangga MP Cherry;5;Mangganya bikin ketagihan, apalagi yang manis.
Mangga MP Cherry;5;Buahnya segar, bikin badan jadi seger.
Mangga MP Cherry;5;Pelayanannya sigap, meskipun rame tetap cepat.
Mangga MP Cherry;5;Mangga Masak Pohon selalu ada di pantry kami.
Mangga MP Cherry;5;Mangganya bikin seger, cocok untuk camilan.
Mangga MP Cherry;5;Tempatnya nyaman, parkirannya luas.
Mangga MP Cherry;5;Mangganya gak ada yang terlalu asam, manisnya stabil.
Mangga MP Cherry;5;Harganya worth it buat kualitas mangganya.
Mangga MP Cherry;5;Pelayanan ramah dan informatif, penuh senyum.
Mangga MP Cherry;5;Mangganya selalu fresh, kayak baru dipetik.
Mangga MP Cherry;5;Daging mangganya legit, bikin ketagihan.
Mangga MP Cherry;5;Tempatnya bersih dan tertata rapi.
Mangga MP Cherry;5;Mangganya manis dan juicy, cocok buat cemilan.
Mangga MP Cherry;5;Pelayanannya cepat tanggap, penuh perhatian.
Mangga MP Cherry;5;Mangganya gak ada yang terlalu matang atau mentah.
Mangga MP Cherry;5;Buahnya enak dimakan langsung atau dibuat es.
Mangga MP Cherry;5;Tempatnya asri, bikin betah belanja lama.
Mangga MP Cherry;5;Mangganya selalu ada, gak pernah kehabisan.
Mangga MP Cherry;5;Harganya sesuai dengan kualitas mangganya.
Mangga MP Cherry;5;Mangganya gak ada yang terlalu besar atau kecil.
Mangga MP Cherry;5;Pelayanannya friendly, bikin nyaman.
Mangga MP Cherry;5;Mangganya gak ada yang terlalu overripe.
Mangga MP Cherry;5;Buahnya gak terlalu besar, cocok buat anak-anak.
Mangga MP Cherry;5;Tempatnya bersih dan parkirannya aman.
Mangga MP Cherry;5;Mangganya lembut dan gak berair.
Mangga MP Cherry;5;Pelayanannya ramah, siap jawab pertanyaan.
Mangga MP Cherry;5;Mangganya enak dimakan langsung atau dibikin jus.
Mangga MP Cherry;5;Rasanya gak ada yang aneh, sesuai ekspektasi.
Mangga MP Cherry;5;Tempatnya ada promo menarik, sering diskon.
Mangga MP Cherry;5;Mangganya selalu ada pilihan yang matangnya pas.
Mangga MP Cherry;5;Harganya kompetitif, terjangkau untuk semua orang.
Mangga MP Cherry;5;Mangganya gak ada yang terlalu keras atau pahit.
Mangga MP Cherry;5;Buahnya bener-bener fresh, gak ada yang kemasaman.
Mangga MP Cherry;5;Pelayanannya helpful, siap bantu cari yang bagus.
Mangga MP Cherry;5;Mangganya juara banget, manisnya bikin nagih.
Mangga MP Cherry;5;Tempatnya bersih dan nyaman buat belanja.
Mangga MP Cherry;5;Mangganya selalu fresh, kayak dipetik langsung dari pohon.
Mangga MP Cherry;5;Harga mangganya sesuai dengan kualitasnya.
Mangga MP Cherry;5;Mangganya gak ada yang terlalu kecil atau besar.
Mangga MP Cherry;5;Pelayanannya sabar, walaupun saya banyak nanya.
Mangga MP Cherry;5;Mangganya manis alami, bukan manis buatan.
Mangga MP Cherry;5;Buahnya cocok buat semua usia, dari anak sampai dewasa.
Mangga MP Cherry;5;Tempatnya strategis, dekat dari mana saja.
Mangga MP Cherry;5;Mangganya gak ada yang terlalu asam, manisnya pas.
Mangga MP Cherry;5;Mangganya enak dimakan langsung atau dibuat salad.
Mangga MP Cherry;5;Stok mangganya selalu terjaga, gak pernah kosong.
Mangga MP Cherry;5;Pelayanannya ramah dan informatif, siap bantu.
Mangga MP Cherry;5;Mangganya selalu ada yang matangnya pas.
Mangga MP Cherry;5;Harganya sesuai dengan kualitas dan ukuran mangganya.
Mangga MP Cherry;5;Mangganya gak ada yang terlalu keras atau hambar.
Mangga MP Cherry;5;Buahnya sehat, gak ada yang cacat.
Mangga MP Cherry;5;Tempatnya nyaman, bikin betah belanja lama.
Mangga MP Cherry;5;Mangganya gak ada yang overripe atau mentah.
Mangga MP Cherry;5;Pelayanannya friendly dan responsif, layak direkomendasikan.
Jeruk Medan;5;Jeruk Medan ini luar biasa! Rasanya manis segar dan kulitnya mudah dikupas. Setiap jeruknya penuh dengan jus yang menyegarkan. Pasti akan membeli lagi!
Jeruk Medan;5;Jeruk Medan yang saya beli sangat berkualitas. Buahnya segar, manis, dan ukurannya pas. Keluarga saya sangat menyukainya. Sangat direkomendasikan!
Jeruk Medan;5;Saya sangat puas dengan jeruk Medan ini. Rasa manisnya alami dan tidak terlalu asam. Sangat cocok untuk camilan sehat. Pengiriman juga cepat dan buah tiba dalam kondisi baik
Jeruk Medan;5;Jeruk Medan ini benar-benar top! Rasanya enak dan segar, tekstur buahnya sangat lembut. Cocok untuk jus atau dimakan langsung. Saya pasti akan membeli lagi di sini
Jeruk Medan;5;Jeruk Medan yang saya terima sangat segar dan manis. Kulitnya mudah dikupas dan setiap jeruknya penuh dengan jus yang lezat. Sangat puas dengan kualitasnya. Terima kasih!
Pear Pohkam;5;Buah pear pohkam yang saya beli sangat lezat dan juicy. Setiap gigitan terasa segar dan manis. Pasti akan beli lagi!
Pear Pohkam;5;Pear pohkam ini kualitasnya top! Rasanya manis dan daging buahnya sangat renyah. Pengiriman cepat dan buah sampai dalam kondisi sempurna.
Pear Pohkam;5;Pear pohkam ini luar biasa segar dan manis! Teksturnya renyah dan rasanya benar-benar memuaskan. Sangat direkomendasikan
Jeruk Siem Probolinggo;5;Jeruk Selalu Manis, Toko ini sangat recommended 
Jeruk Siem Probolinggo;5;Jeruk Siem Probolinggo ini luar biasa! Kulitnya mudah dikupas dan daging buahnya sangat juicy. Sangat direkomendasikan!
Jeruk Siem Probolinggo;5;Rasa Jeruk Siem Probolinggo ini benar-benar enak! Manis, segar, dan penuh dengan vitamin. Pilihan terbaik untuk camilan sehat
Melon ;5;sudah di terima kirimannya. sayang hari minggu tutup ya..jadi kalau mau perlu cepat di akhir minggu jd tidak bisa pesan.
Melon ;5;Sekian kali beli disini. Buahnya selalu kualitas baguss. Pengiriman cepat. Packing rapiii. Terima kasih seller
Melon ;4;Tumben dapatnya agak kurang bagus. Mungkin next pas yang sudah matang ya melonnya. Respon penjual baik. Pengiriman cepat. Terima kasih seller 🙏🏻
Melon ;5;Bagus .. belum dicoba manis apa gak.. seller komunikatif .. packingnya agak lama .. terima kasih seller
Melon ;5;barang sudaah di terima dalam kondisi baik. buahnya selalu manis dan puas sekali belanja di seller ini.
Melon ;5;udah pasti sih kalau belanja di sini akan dapat barang bagus dan manis. sudah coba mencoba ke toko lain ternyata memang harus kembali ke sini. terima kasih seller..jaga terus pelayanan dan mutu buahnya.
Melon ;5;Melonnya bagus, manis, pengiriman cepat, packing rapi, terima kasih seller
Melon ;5;sudah beberapa kali belanja di sini dan sejauh ini masih selalu puas dengan kualitas buah- buahan yang di terima. jaga selalu kualitasnya...dan berdoa semoga ada promo juga, hehehe
Melon ;5;Parah manis banget 😍😍 bakal langganan ini
Melon Golden Super;5;barang sudaah di terima dalam kondisi baik. buahnya selalu manis dan puas sekali belanja di seller ini.
Melon Golden Super;5;Melon Golden Super ini memang juara! Rasa manisnya bener-bener dapet, manisnya tuh pas banget, nggak bikin eneg. Kulitnya juga tebel tapi gampang dikupas, jadi nyaman banget buat dimakan. Tokonya juga oke banget, pelayanannya ramah dan cepat. Gak ribet deh belanja di sini, langsung disiapin dengan baik. Pokoknya recommended banget deh!
Melon Golden Super;4;Melon Golden Super ini emang enak sih. Rasanya manis, tapi agak kurang manis banget ya buat saya. Kulitnya tebel tapi agak sulit dikupas, jadi perlu ekstra usaha. Tokonya sih oke, pelayanannya ramah meskipun agak lama nunggunya. Overall lumayan lah buat dijadikan pilihan kalau lagi pengen melon yang cukup bagus.
Jeruk Sunkist;5;Bener-bener puas sama jeruk Sunkist ini. Buahnya fresh dan manis, cocok banget buat cemilan sehat. Kualitasnya oke banget dan pengirimannya cepat. Wajib coba!
Jeruk Sunkist;5;Jeruk Sunkist ini enak banget! Manis dan segar, kulitnya gampang dikupas. Tiap gigitannya bikin nagih, jusnya banyak dan segar. Pasti bakal beli lagi nih!
Jambu Kristal Sunpride;5;Jambu kristal yang saya beli kualitasnya top banget. Segar dan crunchy, enak banget buat cemilan sehat. Pengiriman cepat dan buahnya sampai dalam kondisi prima. Sangat direkomendasikan!
Jambu Kristal;5;toko ini sudah jadi pilihan hati. sudah lebih dari dua kali belanja di sini dan sangat memuaskan baik dengan kualitas barang maupun sellernya yang sangat informatif. jambunya mantab dan seger benerr...terima kasih.
Jambu Kristal;5;Jambunya manis2 ,buahnya semua manis ,joosss
Jambu Kristal;5;Buahnya segarrr, pengiriman cepat, packagin aman. Terimakasih seller
Jambu Kristal;5;Bagussssssss
Jambu Kristal;5;Rasanya segar dan manis, jambu kristal di sini selalu matang sempurna!
Jambu Kristal;5;Harga terjangkau untuk kualitas buah segar seperti ini, pokoknya puas!
Jambu Kristal;5;Tokonya selalu punya stok jambu kristal yang bagus, gak pernah kehabisan.
Jambu Kristal;5;Buahnya besar-besar dan manis, bener-bener enak buat camilan sehat.
Jambu Kristal;5;Service cepat dan ramah, selalu ada yang siap membantu.
Jambu Kristal;5;Jambu kristal di sini pasti matang alami, nggak pakai bahan kimia.
Jambu Kristal;5;Selalu puas dengan kualitas buahnya, gak pernah kecewa.
Jambu Kristal;5;Tempatnya bersih dan rapi, bikin belanja jadi nyaman.
Jambu Kristal;5;Dulu suka ragu beli buah online, tapi di sini kualitasnya juara.
Jambu Kristal;5;Pengiriman cepat dan aman, buahnya sampai dalam kondisi baik.
Jambu Kristal;5;Selalu beli di sini karena jambu kristalnya selalu fresh dan manis!
Jambu Kristal;4;Buahnya enak sih, tapi kadang ada yang agak kecil-kecil.
Jambu Kristal;4;Harganya agak lebih mahal dibanding tempat lain, tapi kualitasnya oke.
Jambu Kristal;4;Pelayanannya baik, cuma kadang agak lama responnya kalau ramai.
Jambu Kristal;4;Kadang suka ada yang kurang matang, jadi harus teliti memilih.
Jeruk Santang Madu;5;Jeruk santang madu ini juara banget! Manisnya pas, segar, dan kulitnya mudah dikupas. Cocok banget buat cemilan sehat setiap hari. Pasti bakal beli lagi!
Jeruk Santang Madu;5;Suka banget sama jeruk santang madu ini. Buahnya seger dan manis, aromanya juga harum. Kualitasnya oke banget dan pengirimannya cepat. Wajib coba nih!
Jeruk Santang Madu;5;Jeruk santang madu ini beneran enak banget! Rasanya manis dan segar, kulitnya gampang dikupas. Pas banget buat dimakan kapan aja. Pasti bakal beli lagi deh!
Jeruk Lemon ;5;"Lemon ini segar banget! Rasanya asam pas, cocok buat minuman."""
Jeruk Lemon ;5;Jeruk lemonnya mantap, aromanya kuat dan sangat segar.
Jeruk Lemon ;5;Kulit lemonnya tebal dan mudah diparut. Suka banget!
Jeruk Lemon ;5;Lemon yang sangat berkualitas, jusnya banyak dan asamnya enak.
Jeruk Lemon ;5;Cocok banget buat infused water. Segar dan enak!
Jeruk Lemon ;5;Setiap buahnya besar dan juicy. Bakal beli lagi!
Jeruk Lemon ;5;Lemon ini beneran segar, rasa dan aromanya luar biasa.
Jeruk Lemon ;5;Pas banget buat campuran masakan, asamnya pas.
Jeruk Lemon ;5;Jeruk lemonnya sampai dalam kondisi sempurna. Sangat puas!
Jeruk Lemon ;5;Lemon segar dan ukurannya besar-besar. Worth it!
Jeruk Lemon ;5;Kulit lemonnya tebal dan warnanya cerah, suka!
Jeruk Lemon ;5;Asamnya lemon ini bikin minuman jadi lebih enak. Top!
Jeruk Lemon ;5;Beli lemon di sini tidak pernah mengecewakan. Selalu segar.
Jeruk Lemon ;5;Lemon ini cocok banget buat bikin dessert, rasanya enak.
Jeruk Lemon ;5;Lemon segar dengan harga terjangkau. Sangat puas!
Jeruk Lemon ;5;Kulit lemonnya aromatik, pas banget buat zest.
Jeruk Lemon ;5;Jeruk lemon ini sangat juicy. Bagus buat detox water.
Jeruk Lemon ;5;Rasanya seger banget, cocok buat campuran teh.
Jeruk Lemon ;5;Lemon yang sangat segar dan berkualitas. Recommended!
Jeruk Lemon ;5;Udah beli beberapa kali di toko ini tapi baru sempet kasih ulasan... Tuk lemonnya kali ini lebih bagus orderan yg lalu2, mungkin karna udah ngabisin kali y... Pokonya pertahankan kualitasnya terus y kak...
Jeruk Peras Malang;5;Manisss seger banget jeruknya...mantap sekali..........
Jeruk Peras Malang;5;barang sudaah di terima dalam kondisi baik. buahnya selalu manis dan puas sekali belanja di seller ini.
Jeruk Peras Malang;5;sudah diterima kiriman buah segarnya. beberapa jeruk ada yang kurang baik kondisinya tetapi yg lain manis.sellernya cepat kirim barang sangat terbantu saat sedang ppkm skrg. tks seller.
Jeruk Peras Malang;5;terima kasih sudah di terima pesanannya. nanas raksasa...bisa buat makan sekampung...jeruknya manis banget..mantab
Jeruk Peras Malang;5;jeruk perasnya udah manis, ga perlu nambah pemanis lagi..makasih ya.
Jeruk Peras Malang;5;Jeruk peras paling enak.. manis dari sananya, ga perlu pake gula lagi. Lumayan banyak dapatnya, setelah diperas kurang lebih dapat 750 ml. Bakalan beli lagi.. makasih
Jeruk Peras Malang;5;Jeruk nya manisss dan segar
Jeruk Peras Malang;5;Jeruk Peras Malang ini manis banget! Service tokonya juga cepat dan ramah. Top deh
Jeruk Peras Malang;5;Rasa jeruknya segar dan juicy. Pelayanan tokonya sangat memuaskan, pengiriman cepat
Jeruk Peras Malang;5;Jeruk Peras Malang kualitasnya terbaik. Tokonya juga sangat profesional, barang sampai dengan aman
Jeruk Peras Malang;5;Jeruknya enak, manis, dan segar. Service tokonya luar biasa, cepat tanggap dan ramah
Jeruk Peras Malang;5;Bener-bener jeruk yang lezat. Service dari toko ini juga memuaskan, pasti beli lagi!
Jeruk Peras Malang;5;Jeruk Peras Malang ini bikin ketagihan. Pelayanan tokonya keren, cepat banget sampai.
Jeruk Peras Malang;5;Jeruknya mantap, rasanya enak dan segar. Service dari toko sangat baik, recommended!
Jeruk Peras Malang;5;Jeruk Peras Malang ini selalu jadi pilihan. Service toko oke, kirimannya cepat dan aman.
Jeruk Peras Malang;5;Jeruknya manis dan juicy, pas buat jus. Toko ini juga kasih service terbaik, puas banget belanja di sini.
Jeruk Malang;5;ini pembelian kedua saya. saat pembelian pertama benar-benar memuaskan buah-buahan yang datang itu manis dan segar. perlu kecewa dulu dengan toko sebelah biar bisa bandingin mana yang the best..memang toko ini akhirnya jadi pemenang hati saya.
Jeruk Malang;5;Jeruk peras manis, ga perlu tambah gula lagi, peras langsung diminum.. mantab 👍🏼 terima kasih
Jeruk Malang;5;Trims ukuran buahnya besar2&segar, sesuai timbangannya
Jeruk Malang;5;Jeruk Malangnya segar (kulit luar sangat mudah dikupas dipisahkan dari daging buah, daging buah terisi padat oleh bulir yg byk airnya), rasanya manis, biji juga jarang. Memuaskan ya ini.
Jeruk Malang;3;Buahnya bagus semua, tapi sayang ya slow response banget & pesen instan tapi ga dikirim di hari yang sama padahal pesen pagi/siang. Dikirim H+1. Kalau yang butuh untuk konsumsi atau kasih orang cepet, ga rekomen ya. Pesen disini kalau santai aja, yg mau 48 jam kemudian baru terima
Jeruk Malang;5;Jeruknya manis seger bgt, enak. Suka bgt. Terima kasih. Insyaa Allah nnti beli di sini lg.
Jeruk Malang;5;Manis, kulit tipis, air melimpah ruah, orange bangettttt. Dijadikan air jerukkk enakkkkk bangetttttttt
Jeruk Malang;5;Buahnya segarrr, pengiriman cepat, packagin aman. Terimakasih seller
Jeruk Malang;5;Trims siang mesen, sore udah datang, yuhuuu
Jeruk Malang;5;Enak manis 😋
Jeruk Malang;5;Jeruk Malangnya enak banget, manisnya pas, kulitnya tebal, suka banget!
Jeruk Malang;5;Belanja di sini selalu puas, jeruknya segar dan dikirim dengan cepat.
Jeruk Malang;5;Top markotop! Jeruknya segar, pelayanannya ramah.
Jeruk Malang;5;Jeruknya juara, pengiriman tepat waktu, recommended!
Jeruk Malang;5;Pertama kali beli jeruk Malang online dan ternyata sesuai ekspektasi!
Jeruk Malang;5;Jeruknya segar, pengemasan rapi, pengiriman super cepat!
Jeruk Malang;5;Suka banget sama jeruknya, manisnya pas di lidah.
Jeruk Malang;5;Jeruknya enak buat camilan, servis toko juga oke.
Jeruk Malang;5;Belanja di sini nyaman, jeruknya ga pernah mengecewakan.
Jeruk Malang;5;Pengalaman belanja yang memuaskan, jeruknya segar sampai rumah.
Jeruk Malang;5;Jeruknya buat cemilan keluarga, terima kasih untuk servisnya!
Jeruk Malang;5;Packingnya aman, jeruknya fresh, recommended deh!
Jeruk Malang;5;Puas banget, jeruknya enak, servisnya ramah.
Jeruk Malang;5;Jeruknya juara, layanan toko cepat tanggap.
Jeruk Malang;5;Dari pengiriman sampai rasa, semuanya mantap!
Jeruk Malang;5;Jeruknya segar banget, cocok buat sarapan pagi.
Jeruk Malang;5;Belanja di sini praktis, jeruknya berkualitas.
Jeruk Malang;5;Servis toko ramah, jeruknya bikin nagih!
Jeruk Malang;5;Jeruk Malang favorit keluarga, pelayanan toko memuaskan.
Jeruk Malang;5;Beli jeruk di sini nggak pernah kecewa, selalu fresh!
Jeruk Malang;5;Manisnya pas, pengiriman tepat waktu, recommended.
Jeruk Malang;5;Jeruknya mantul, servisnya juga oke.
Jeruk Malang;5;Jeruknya lezat, pelayanan ramah.
Jeruk Malang;5;Puas banget, jeruknya enak, pengiriman cepat.
Jeruk Malang;5;Cocok buat yang suka jeruk manis, pelayanan toko baik.
Jeruk Malang;5;Jeruknya segar sampai ke rumah, pengemasan rapi.
Jeruk Malang;5;Belanja di sini praktis, jeruknya berkualitas.
Jeruk Malang;5;Jeruknya enak banget, servis toko ramah.
Jeruk Malang;5;Pengalaman belanja yang menyenangkan, jeruknya selalu fresh!
Sawo;5;Bagusss.. ada yang sudah siap makan dan harus tunggu dulu biar ranum.. pas lahh.. seller komunikatif .. packingnya agak lama .. terima kasih seller
Sawo;5;Enak. Manis. pengiriman cepet hari yang sama sorenya langsung sampe. seller responsif sawonya ga ada lgsg nanya mau diganti apa. selalu puas
Sawo;5;Harga: sesuai, Kualitas: baik, Ukuran/Berat: sesuai, Paket sudah diterima sesuai pesanan, packing aman, pengiriman cepat
Sawo;5;baru sempet nilai padahal buahnya udah sebagian habis di makan. enak semua, segar dan di terima dengan cepat setelah pesan. terima kasih seller
Sawo;5;Buah sawo di toko ini sangat manis dan segar. Cocok untuk camilan sehat di siang hari.
Sawo;5;Saya suka buah sawo di sini, selalu matang sempurna dan tidak terlalu keras.
Sawo;5;Toko ini punya buah sawo terbaik! Rasa manisnya bikin ketagihan.
Sawo;5;Sawo di sini rasanya legit banget, bener-bener bikin nagih!
Sawo;5;Buah sawo yang mereka jual selalu terawat dengan baik, kulitnya mulus dan tidak ada yang busuk.
Sawo;5;Rasanya mantap banget, pas buat yang suka buah manis!
Sawo;5;Sawo di toko ini rasanya bener-bener juara, ga ada yang kayak gini di tempat lain.
Sawo;5;Pilihan terbaik buat cemilan sehat, selalu beli sawo di sini.
Sawo;5;Kualitas buah sawo di sini nggak pernah mengecewakan.
Sawo;5;Harganya terjangkau dan kualitasnya oke banget, seneng deh belanja buah sawo di sini.
Sawo;5;Buah sawo di toko ini enak banget, suka banget sama kualitasnya.
Sawo;3;Buah sawo di sini lumayan enak, tapi kadang ada yang kurang matang atau terlalu keras. Harapannya untuk bisa lebih konsisten dalam kualitasnya.
Sawo;4;Saya suka dengan buah sawo di toko ini. Rasanya manis dan teksturnya bagus. Pelayanannya juga ramah dan membantu.
Stroberi;5;ini pembelian kedua saya. saat pembelian pertama benar-benar memuaskan buah-buahan yang datang itu manis dan segar. perlu kecewa dulu dengan toko sebelah biar bisa bandingin mana yang the best..memang toko ini akhirnya jadi pemenang hati saya.
Stroberi;5;Kemasan rapi, rasa stroberinya asem seger, kualitas produk baik dan seller fast response
Stroberi;5;Pesanan sampai cepat sekali, kualitas buah sangaaaat bagussss, rekomendit store. Pengemasan mgkn bs dioertimbangkan pakai dus.
Stroberi;5;Bagus bagus buahnya berkualitas & pengiriman sangat cepat. Akan langganan 🥰🥰🥰🥰
Stroberi;2;Produknya rata2 bagus, sehingga sering belanja disini. Tapi kecewa pelayanannya sekarang menurun untuk jadwal pengiriman, minta pagi2 baru dikirim siang. Membalas chat setelah barang dikirim. Mohon ditingkatkan pelayanannya, kalau barang tidak ada di chat saja. Trmksh yaa
Stroberi;5;stroberinya buat campuran minuman. jd walau agak sedikit asam ga masalah.
Stroberi;5;Stroberinya oke . Nyobain stoberi disini pertama kali. Pengiriman cepet seller responsif. Ada sekitar 10-11 pc / pack. ga terlalu asem mantep
Stroberi;5;the best..pengiriman cepat, buahnya juga ok semua. makasih yaa
Stroberi;5;Ukuran/Berat: pas, Harga: murmer, Kualitas: baik
Stroberi;5;Stroberi di sini selalu segar dan manis banget, bener-bener jadi favorit buat camilan sehari-hari!
Stroberi;5;Kualitas stroberi nya super bagus, bikin smoothie jadi tambah enak deh.
Stroberi;5;Harganya terjangkau tapi kualitasnya juara, mantap deh buat cemilan sehat.
Stroberi;5;Tokonya ramah banget, selalu dilayani dengan senyum.
Stroberi;5;Pelayanan cepat dan efisien, stroberi sampai dalam kondisi terbaik.
Stroberi;5;Stroberinya besar-besar dan manis, bisa buat salad atau makan langsung.
Stroberi;5;Seneng banget deh, selalu ada stroberi segar tiap kali belanja di sini.
Stroberi;5;Recommended banget buat yang suka buah manis dan sehat.
Stroberi;5;Tokonya bersih dan rapi, bikin nyaman belanja.
Stroberi;5;Stroberi di sini awet segarnya, bisa tahan lama di kulkas.
Stroberi;5;Pilihan stroberi variatif, ada yang buat jus dan ada yang buat dessert.
Stroberi;5;Stroberi nya gak pernah mengecewakan, selalu juicy dan manis.
Stroberi;5;Harga sepadan dengan kualitas, puas banget belanja di sini.
Stroberi;5;Tokonya strategis dan mudah diakses, gak repot cari stroberi enak.
Stroberi;5;Stroberi nya fresh banget, bener-bener bikin mood jadi lebih baik.
Stroberi;5;Stok stroberi selalu terjaga dengan baik, gak pernah kehabisan.
Stroberi;5;Pelayanan ramah dan sabar, cocok buat yang suka ditangani dengan baik.
Stroberi;5;Stroberi nya gak terlalu asam, pas buat yang suka buah manis.
Stroberi;5;Tokonya punya banyak pilihan produk stroberi, dari yang lokal sampai import.
Stroberi;5;Stroberi selalu terlihat segar dan menarik, bikin pengen beli terus.
Stroberi;5;Belanja di sini bikin ketagihan, stroberi nya emang top!
Stroberi;4;Stroberi nya oke, cuma kadang-kadang ada yang agak kurang segar.
Stroberi;4;Tokonya bagus, tapi mungkin bisa lebih diperhatikan lagi kualitas stroberinya.
Stroberi;3;Stroberi nya lumayan, tapi ada beberapa yang agak kurang matang.
Semangka Merah;5;Udah beli beberapa kali di toko ini tapi baru sempet kasih ulasan... pokonya bagus deh, amanah, seller ramah... Maaf buahnya udah dimakan...
Semangka Merah;5;Semangka bagus, manis. Respon penjual baik. Pengiriman cepat. Terima kasih seller 🙏🏻
Semangka Merah;5;Baguss.. belum dicoba manis apa gak .. seller komunikatif .. packingnya agak lama .. terima kasih seller
Semangka Merah;3;Pas dapet yang kurang bagus, biasanya oke, pengiriman cepat, packing rapi, terima kasih seller
Semangka Merah;5;Baguss.. belum dicoba manis apa gak .. seller komunikatif .. packingnya agak lama .. terima kasih seller
Semangka Merah;3;Produknya rata2 bagus, sehingga sering belanja disini. Tapi kecewa pelayanannya sekarang menurun untuk jadwal pengiriman, minta pagi2 baru dikirim siang. Membalas chat setelah barang dikirim. Mohon ditingkatkan pelayanannya, kalau barang tidak ada di chat saja. Trmksh yaa
Semangka Merah;5;barang sudaah di terima dalam kondisi baik. buahnya selalu manis dan puas sekali belanja di seller ini.
Semangka Merah;5;Semangka merah di toko ini sungguh manis dan segar! Ukurannya besar-besar dan harga sangat terjangkau. Layanan di sini juga ramah, mereka membantu saya memilih yang terbaik tanpa harus menunggu lama.
Semangka Merah;5;Wow, semangka merah di sini benar-benar juara! Kulitnya tebal tapi dagingnya lembut dan manis banget. Tokonya bersih dan terorganisir, pelayanannya cepat dan penuh senyum. Pasti kembali lagi!
Semangka Merah;5;Semangka merah favorit saya bisa saya temukan di sini! Setiap kali belanja, selalu mendapat yang matang dan enak. Tokonya bersih dan rapi, dan stafnya ramah dan informatif. Saya sangat puas dengan pengalaman belanja di sini.
Jambu Citra Super;5;Segar banget, jambu citra super ini manisnya pas buat camilan sehat.
Jambu Citra Super;5;Tokonya rajin update stok, selalu dapet jambu yang bagus.
Jambu Citra Super;5;Beli jambu di sini selalu puas, warnanya cerah dan rasa legit.
Jambu Citra Super;5;Pelayanan cepat, jambu langsung diantar sampai ke rumah.
Jambu Citra Super;5;Jambu di toko ini gak pernah mengecewakan, selalu matang sempurna.
Jambu Citra Super;5;Warna jambu super cantik, bener-bener menggugah selera.
Jambu Citra Super;5;Pilihan jambu di sini lengkap, dari yang matang sampai muda.
Jambu Citra Super;5;Harganya bersaing, kualitasnya jangan ditanya lagi!
Jambu Citra Super;5;Jambu segar sampai ke rumah, toko ini bener-bener reliable.
Jambu Citra Super;5;Jambu super dari toko ini gurihnya juara, cocok buat camilan.
Jambu Citra Super;5;Pengirimannya tepat waktu, jambunya juga dalam kondisi baik.
Jambu Citra Super;5;Suka banget sama jambu di sini, ukurannya pas dan rasanya enak.
Jambu Citra Super;5;Toko yang recommended buat yang suka buah segar, jambunya top!
Jambu Citra Super;5;Jambu selalu fresh, pilihannya juga bervariasi.
Jambu Citra Super;5;Gak pernah kecewa belanja jambu di sini, selalu jadi favorit.
Jambu Citra Super;5;Jambu yang dijual benar-benar super, manisnya pas di lidah.
Jambu Citra Super;5;Servisnya ramah, jambunya juga berkualitas, bikin nagih untuk balik lagi.
Jambu Citra Super;3;banyak ulat didalam jambu nya pas dibuka
Jambu Citra Super;4;Jambu citra super dari toko ini memang kualitasnya bagus, rasanya manis dan segar. Pengirimannya juga cepat dan pelayanannya ramah. Meskipun begitu, saya berharap ada opsi untuk memilih ukuran atau varietas jambu yang lebih banyak. Overall, puas dengan pembelian saya di sini!
Mangga Manalagi;5;Segar banget, mangga Manalagi di sini selalu juara!
Mangga Manalagi;5;Mangganya manis banget, bikin nagih!
Mangga Manalagi;5;Beli di sini selalu puas, mangga selalu matang dan enak.
Mangga Manalagi;5;Mantap deh, mangganya besar-besar dan manis banget.
Mangga Manalagi;5;Tokonya rajin update stok, mangga selalu fresh.
Mangga Manalagi;5;Recommended banget buat yang suka buah segar, mangga Manalagi di sini top markotop.
Mangga Manalagi;5;Servicenya ramah, ditanya-tanya soal mangga dijawab dengan sabar.
Mangga Manalagi;5;Seneng deh belanja di sini, mangganya ga pernah mengecewakan.
Mangga Manalagi;5;Buahnya bener-bener buah pilihan, mangga Manalagi dijamin enak.
Mangga Manalagi;5;Harga sebanding sama kualitas, mangga selalu bikin senyum.
Mangga Manalagi;5;Pelayanannya cepat, mangga langsung bisa dibawa pulang.
Mangga Manalagi;5;Mangganya matangnya pas, buat dijadiin camilan juara.
Mangga Manalagi;5;Suka banget sama mangga Manalagi di sini, selalu bikin ketagihan.
Mangga Manalagi;5;Gak pernah kecewa belanja di sini, mangganya selalu fresh dan enak.
Mangga Manalagi;5;Tokonya bersih dan rapi, mangga Manalagi jadi pilihan utama buat beli buah.
Manggis;5;Wow, buah manggisnya segar banget! Pokoknya juara deh, gak nyesel pesen di sini.
Manggis;5;Pelayanan cepat dan ramah, buahnya juga maknyus. Bakal sering balik ke sini deh.
Manggis;5;Top markotop! Manggisnya besar-besar dan manis banget. Bener-bener bikin nagih!
Manggis;5;Rekomendasi buat yang suka buah segar. Tokonya juga bersih dan nyaman.
Manggis;5;Beli buah manggis di sini pasti puas. Rasanya pas, harga juga bersaing.
Manggis;5;Buat yang mau buah manggis bagus, ini pilihan tepat. Gak pernah kecewa sama kualitasnya.
Manggis;5;Kirimannya cepat dan aman. Buahnya sampai masih fresh banget.
Manggis;5;Suami seneng banget, katanya manggisnya kejuaraan. Makasih ya, Toko!
Kelengkeng;5;Buah kelengkeng di sini juara banget! Manisnya pas, dagingnya super juicy, bener-bener fresh banget. Pelayanannya juga ramah, cepat respon, bikin belanja makin nyaman
Kelengkeng;5;Wow, buah kelengkengnya segar maksimal! Udah sering beli di sini, rasanya konsisten enak. Tokonya juga bersih, pelayanannya sigap dan helpful. Puas banget!
Kelengkeng;5;Kualitas buah kelengkengnya TOP! Manisnya dapet, kulitnya tipis, dan isinya gak ada yang berkecambah. Service toko juga oke, kasirnya ramah, pembayaran cepet.
Kelengkeng;4;Buahnya bagus semua, tapi sayang ya slow response banget & pesen instan tapi ga dikirim di hari yang sama padahal pesen pagi/siang. Dikirim H+1. Kalau yang butuh untuk konsumsi atau kasih orang cepet, ga rekomen ya. Pesen disini kalau santai aja, yg mau 48 jam kemudian baru terima
Dukuh;5;Buah dukuh dari toko ini sungguh segar dan manis, langsung dari kebun ke meja makan! Layanan mereka juga ramah dan cepat, membuat pengalaman berbelanja jadi menyenangkan.
Dukuh;5;Aku suka banget belanja buah dukuh di sini. Semuanya selalu terlihat sehat dan terawat dengan baik. Pelayanan mereka super, kasirnya selalu tersenyum dan siap membantu.
Dukuh;5;Produk buah dukuh di toko ini juara! Setiap kali belanja di sini, aku pasti dapat yang terbaik. Pelayanan mereka juga istimewa, mereka selalu siap memberikan rekomendasi buah terbaik untuk dibeli.
Dukuh;5;Toko ini adalah tempat favoritku untuk membeli buah dukuh. Kualitasnya konsisten dan harga yang adil. Pelayanan pelanggan mereka luar biasa, tidak sabar untuk kembali lagi!
Dukuh;5;Inilah tempat terbaik untuk buah dukuh di kota ini! Buahnya segar dan lezat, plus pelayanan yang ramah dan efisien. Pasti merekomendasikan kepada semua orang yang mencari buah berkualitas tinggi.